Tlangnuam (Part),Aizawl H.O,796001,Tlangnuam (Part),AIZAWL,MIZORAM
Mizoram University Campus,Mizoram University S.O,796004,Tlangnuam (Part),AIZAWL,MIZORAM
Thingdawl (Melriat),Thingdawlmelriat B.O,796005,Aibawk,AIZAWL,MIZORAM
Falkawn,Muallungthu B.O,796005,Aibawk,AIZAWL,MIZORAM
N.Lungleng,N.Lungleng B.O,796005,Tlangnuam (Part),AIZAWL,MIZORAM
Tlangnuam (Part),Bungkawn B.O,796005,Tlangnuam (Part),AIZAWL,MIZORAM
Tlangnuam (Part),Missionvengthlang B.O,796005,Tlangnuam (Part),AIZAWL,MIZORAM
Tlangnuam (Part),Mualpui B.O,796005,Tlangnuam (Part),AIZAWL,MIZORAM
Tlangnuam (Part),Republic Veng B.O,796005,Tlangnuam (Part),AIZAWL,MIZORAM
Tlangnuam (Part),Mualmawi B.O,796005,Tlangnuam (Part),AIZAWL,MIZORAM
Lawipu,Maubawk B.O,796005,Tlangnuam (Part),AIZAWL,MIZORAM
Muallungthu,Muallungthu B.O,796005,Aibawk,AIZAWL,MIZORAM
Tlangnuam (Part),College Veng B.O,796005,Tlangnuam (Part),AIZAWL,MIZORAM
Tlangnuam (Part),Sabualkawn B.O,796005,Tlangnuam (Part),AIZAWL,MIZORAM
Kelsih,Kelsih B.O,796005,Aibawk,AIZAWL,MIZORAM
Tlangnuam (Part),Hualngohmun B.O,796005,Tlangnuam (Part),AIZAWL,MIZORAM
Aizawl,Kulikawn S.O,796005,Tlangnuam (Part),AIZAWL,MIZORAM
Samtlang,Khawchhete B.O,796005,Tlangnuam (Part),AIZAWL,MIZORAM
Tlangnuam (Part),Maubawk B.O,796005,Tlangnuam (Part),AIZAWL,MIZORAM
Tlangnuam (Part),"S,hlimen B.O",796005,Tlangnuam (Part),AIZAWL,MIZORAM
Tlangnuam (Part),Thakthingbazar B.O,796005,Tlangnuam (Part),AIZAWL,MIZORAM
Tlangnuam (Part),Bethlehem B.O,796007,Tlangnuam (Part),AIZAWL,MIZORAM
Chite,Armed Veng B.O,796007,North Thingdawl,KOLASIB,MIZORAM
Tlangnuam (Part),Chandmary S.O,796007,Tlangnuam (Part),AIZAWL,MIZORAM
Tlangnuam (Part),Ramthar B.O,796007,Tlangnuam (Part),AIZAWL,MIZORAM
Edenthar,Chandmary S.O,796007,Thingsulthliah (Part),AIZAWL,MIZORAM
Ramthar North,Ramthar B.O,796007,Tlangnuam (Part),AIZAWL,MIZORAM
Tlangnuam (Part),Armed Veng B.O,796007,Tlangnuam (Part),AIZAWL,MIZORAM
Tlangnuam (Part),Tuithiang B.O,796007,Tlangnuam (Part),AIZAWL,MIZORAM
Tlangnuam (Part),Electric Veng B.O,796007,Tlangnuam (Part),AIZAWL,MIZORAM
Aizawl,Armed Veng S.O,796008,Tlangnuam (Part),AIZAWL,MIZORAM
Tlangnuam (Part),Luangmual B.O,796009,Tlangnuam (Part),AIZAWL,MIZORAM
Tlangnuam (Part),Vaivakawn S.O,796009,Tlangnuam (Part),AIZAWL,MIZORAM
Tlangnuam (Part),Chawlhhmun B.O,796009,Tlangnuam (Part),AIZAWL,MIZORAM
Tlangnuam (Part),Dinthar B.O,796009,Tlangnuam (Part),AIZAWL,MIZORAM
Tlangnuam (Part),Tanhril B.O,796009,Tlangnuam (Part),AIZAWL,MIZORAM
Tlangnuam (Part),Sakawrtuichhun B.O,796009,Tlangnuam (Part),AIZAWL,MIZORAM
Tlangnuam (Part),Govt. Complex B.O,796009,Tlangnuam (Part),AIZAWL,MIZORAM
Tlangnuam (Part),Rangvamual B.O,796009,Tlangnuam (Part),AIZAWL,MIZORAM
Aizawl,Ramhlun S.O,796012,Tlangnuam (Part),AIZAWL,MIZORAM
Tlangnuam (Part),Chaltlang B.O,796012,Tlangnuam (Part),AIZAWL,MIZORAM
Aizawl,Bawngkawn S.O,796014,Tlangnuam (Part),AIZAWL,MIZORAM
Lungdai,Lungdai B.O,796015,Tlangnuam (Part),KOLASIB,MIZORAM
Sentlang,Lungdai B.O,796015,Tlangnuam (Part),KOLASIB,MIZORAM
Tlangnuam (Part),Selesih B.O,796015,Tlangnuam (Part),AIZAWL,MIZORAM
Muthi,Muthi B.O,796015,Tlangnuam (Part),AIZAWL,MIZORAM
Zanlawn,Zanlawn B.O,796015,North Thingdawl,KOLASIB,MIZORAM
Bung IB,Zemabawk S.O,796017,Tlangnuam (Part),AIZAWL,MIZORAM
Hmunnghak,Khawruhlian B.O,796017,Darlawn,AIZAWL,MIZORAM
Chhanchhuahna Khawpui,Khanpui B.O,796017,Darlawn,AIZAWL,MIZORAM
Thingsulthliah (Part),Cti Sesawng B.O,796017,Thingsulthliah (Part),AIZAWL,MIZORAM
E.Phaileng,Phaileng 'E' B.O,796017,Darlawn,AIZAWL,MIZORAM
Kepran,Kepran B.O,796017,Darlawn,AIZAWL,MIZORAM
Pehlawn,Phaileng 'E' B.O,796017,Darlawn,AIZAWL,MIZORAM
Tuirial,Zemabawk S.O,796017,Tlangnuam (Part),AIZAWL,MIZORAM
Zomuan,Phaileng 'E' B.O,796017,West Phaileng,MAMMIT,MIZORAM
Khawruhlian,Khawruhlian B.O,796017,Darlawn,AIZAWL,MIZORAM
Lailak,Khawruhlian B.O,796017,Darlawn,AIZAWL,MIZORAM
Tlangnuam (Part),Zemabawk S.O,796017,Tlangnuam (Part),AIZAWL,MIZORAM
Tlangnuam (Part),Zuangtui B.O,796017,Tlangnuam (Part),AIZAWL,MIZORAM
Khanpui,Khanpui B.O,796017,Darlawn,AIZAWL,MIZORAM
Mualmam,Sesawng B.O,796017,Thingsulthliah (Part),AIZAWL,MIZORAM
Sesawng,Sesawng B.O,796017,Thingsulthliah (Part),AIZAWL,MIZORAM
Tuirial Jail,Zemabawk S.O,796017,Tlangnuam (Part),AIZAWL,MIZORAM
Sawleng,Sawleng B.O,796017,Darlawn,AIZAWL,MIZORAM
Tuirinikai,Sawleng B.O,796017,Darlawn,AIZAWL,MIZORAM
Hortoki,Hortoki B.O,796070,North Thingdawl,KOLASIB,MIZORAM
N.Chaltlang,N.Chaltlang B.O,796070,North Thingdawl,KOLASIB,MIZORAM
Thingthelh,Thingthelh B.O,796070,North Thingdawl,KOLASIB,MIZORAM
Lungmuat,Lungmuat B.O,796070,Tlangnuam (Part),KOLASIB,MIZORAM
N.Hlimen,N.Hlimen B.O,796070,North Thingdawl,KOLASIB,MIZORAM
N.Mualvum,Mualvum B.O,796070,North Thingdawl,KOLASIB,MIZORAM
N.Thingdawl,Bualpui B.O,796070,North Thingdawl,KOLASIB,MIZORAM
Nisapui,Nisapui B.O,796070,Tlangnuam (Part),KOLASIB,MIZORAM
Serkhan,Serkhan B.O,796070,Tlangnuam (Part),KOLASIB,MIZORAM
Dilzau T,Hortoki B.O,796070,North Thingdawl,KOLASIB,MIZORAM
Bukpui,Bukpui B.O,796070,North Thingdawl,KOLASIB,MIZORAM
Dilzau H,Hortoki B.O,796070,North Thingdawl,KOLASIB,MIZORAM
Kawnpui,Kawnpui S.O,796070,North Thingdawl,KOLASIB,MIZORAM
Mualvum,Mualvum B.O,796070,West Phaileng,MAMMIT,MIZORAM
Sethawn,Bualpui B.O,796070,North Thingdawl,KOLASIB,MIZORAM
Meidum,Kolasib S.O,796081,North Thingdawl,KOLASIB,MIZORAM
Rengtekawn,Kolasib S.O,796081,North Thingdawl,KOLASIB,MIZORAM
Saihapui V,Saihapui 'K' B.O,796081,North Thingdawl,KOLASIB,MIZORAM
Bukvannei,Saihapui 'K' B.O,796081,North Thingdawl,KOLASIB,MIZORAM
Khuangpuilam,Kolasib S.O,796081,North Thingdawl,KOLASIB,MIZORAM
Pangbalkawn,Kolasib S.O,796081,North Thingdawl,KOLASIB,MIZORAM
Chuhvel,Chuhvel B.O,796081,Zawlnuam,MAMMIT,MIZORAM
Kolasib Veng,Kolasib S.O,796081,North Thingdawl,KOLASIB,MIZORAM
N.Thingdawl,Diakkawn B.O,796081,North Thingdawl,KOLASIB,MIZORAM
N.Thingdawl,Vengthar B.O,796081,North Thingdawl,KOLASIB,MIZORAM
Pangbalkawn,Bairabi B.O,796081,North Thingdawl,KOLASIB,MIZORAM
Suarhliap,Suarhliap B.O,796081,Zawlnuam,MAMMIT,MIZORAM
Kolasib,Kolasib S.O,796081,North Thingdawl,KOLASIB,MIZORAM
Saihapui K,Saihapui 'K' B.O,796081,North Thingdawl,KOLASIB,MIZORAM
Dumkhel,Kolasib S.O,796081,North Thingdawl,KOLASIB,MIZORAM
Vakultui,Kolasib S.O,796081,North Thingdawl,KOLASIB,MIZORAM
Builum,Builum B.O,796081,North Thingdawl,KOLASIB,MIZORAM
Hmaibialaveng,Kolasib S.O,796081,North Thingdawl,KOLASIB,MIZORAM
Saikhawthlir,Saikhawthlir B.O,796081,Zawlnuam,MAMMIT,MIZORAM
Thingdawl,Diakkawn S.O,796082,North Thingdawl,KOLASIB,MIZORAM
Diakkawn,Diakkawn S.O,796082,North Thingdawl,KOLASIB,MIZORAM
Vengthar,Diakkawn S.O,796082,North Thingdawl,KOLASIB,MIZORAM
N.Chawnpui,N.Chawnpui B.O,796091,North Thingdawl,KOLASIB,MIZORAM
Phaisen,Phaisen B.O,796091,North Thingdawl,KOLASIB,MIZORAM
Phaipheng,Bilkhawthlir S.O,796091,North Thingdawl,KOLASIB,MIZORAM
N.Chhimluang,Bilkhawthlir S.O,796091,North Thingdawl,KOLASIB,MIZORAM
Tlangnuam (Part),Tuirial H.E.P B.O,796091,Tlangnuam (Part),AIZAWL,MIZORAM
Bilkhawthlir,Bilkhawthlir S.O,796091,North Thingdawl,KOLASIB,MIZORAM
Chemphai,Bilkhawthlir S.O,796091,North Thingdawl,KOLASIB,MIZORAM
Saiphai,Saiphai B.O,796091,North Thingdawl,KOLASIB,MIZORAM
Saipum,Saipum B.O,796091,North Thingdawl,KOLASIB,MIZORAM
Buhchangphai,Buhchang B.O,796091,North Thingdawl,KOLASIB,MIZORAM
Phainuam,Phainuam B.O,796101,West Bunghmun,LUNGLEI,MIZORAM
Phainuam,Phainuam B.O,796101,North Thingdawl,KOLASIB,MIZORAM
Vairengte,Vairengte S.O,796101,North Thingdawl,KOLASIB,MIZORAM
Kani,Sakawrdai B.O,796111,Darlawn,AIZAWL,MIZORAM
New Vervek,New Vervek B.O,796111,Darlawn,AIZAWL,MIZORAM
Old Vervek,Vervek B.O,796111,Darlawn,AIZAWL,MIZORAM
Darlawn,Darlawn S.O,796111,Darlawn,AIZAWL,MIZORAM
Thingsat,Thingsat B.O,796111,Darlawn,AIZAWL,MIZORAM
Lungsum,Lungsum B.O,796111,Darlawn,AIZAWL,MIZORAM
Mauchar,Mauchar B.O,796111,Darlawn,AIZAWL,MIZORAM
Palsang,Palsang B.O,796111,Darlawn,AIZAWL,MIZORAM
Sunhluchhip,Darlawn S.O,796111,Darlawn,AIZAWL,MIZORAM
Upper Sakawrdai,Sakawrdai B.O,796111,Darlawn,AIZAWL,MIZORAM
Khawkawi,Darlawn S.O,796111,Darlawn,AIZAWL,MIZORAM
N.Khawdungsei,Sakawrdai B.O,796111,Darlawn,AIZAWL,MIZORAM
Ratu,Ratu B.O,796111,Darlawn,AIZAWL,MIZORAM
Vaitin,Vaitin B.O,796111,Darlawn,AIZAWL,MIZORAM
Zohmun,Zohmun B.O,796111,Darlawn,AIZAWL,MIZORAM
Khawpuar,Khawpuar B.O,796111,Darlawn,AIZAWL,MIZORAM
Lower Sakawrdai,Sakawrdai B.O,796111,Darlawn,AIZAWL,MIZORAM
Luakchhuah,Darlawn S.O,796111,Darlawn,AIZAWL,MIZORAM
Old Tengtawng,Darlawn S.O,796111,Darlawn,AIZAWL,MIZORAM
Sailutar,Sailutar B.O,796111,Darlawn,AIZAWL,MIZORAM
N.Serzawl,N.Serzawl B.O,796111,Darlawn,AIZAWL,MIZORAM
N.Tinghmun,N.Tinghmun B.O,796111,Darlawn,AIZAWL,MIZORAM
Chhingchhip,Chhingchhip B.O,796161,Serchhip,SERCHHIP,MIZORAM
Hmuntha,Hmuntha B.O,796161,Serchhip,SERCHHIP,MIZORAM
Baktawng,Baktawng B.O,796161,Thingsulthliah (Part),SERCHHIP,MIZORAM
Chanin,Baktawng B.O,796161,Thingsulthliah (Part),SERCHHIP,MIZORAM
Seling,Seling B.O,796161,Thingsulthliah (Part),AIZAWL,MIZORAM
Khumtung,Khumtung B.O,796161,Thingsulthliah (Part),SERCHHIP,MIZORAM
Thentlang,Thentlang B.O,796161,Serchhip,SERCHHIP,MIZORAM
Thingsulthliah (Part),Thingsulthliah S.O,796161,Thingsulthliah (Part),AIZAWL,MIZORAM
Tlungvel,Tlungvel B.O,796161,Thingsulthliah (Part),AIZAWL,MIZORAM
Hualtu,Hualtu B.O,796161,Thingsulthliah (Part),SERCHHIP,MIZORAM
Phulmawi,Tlungvel B.O,796161,Thingsulthliah (Part),AIZAWL,MIZORAM
Thingsul Tlangnuam,Seling B.O,796161,Thingsulthliah (Part),AIZAWL,MIZORAM
Tuikhurhlu,Seling B.O,796161,Thingsulthliah (Part),AIZAWL,MIZORAM
Hmawngkawn,Baktawng B.O,796161,Thingsulthliah (Part),SERCHHIP,MIZORAM
Phaibawk,Seling B.O,796161,Thingsulthliah (Part),AIZAWL,MIZORAM
Saisih Vety Farm,Thingsulthliah S.O,796161,Thingsulthliah (Part),AIZAWL,MIZORAM
Buhkangkawn,Baktawng B.O,796161,Thingsulthliah (Part),SERCHHIP,MIZORAM
Darlawng,Tlungvel B.O,796161,Thingsulthliah (Part),AIZAWL,MIZORAM
Dilkhan,Seling B.O,796161,Thingsulthliah (Part),AIZAWL,MIZORAM
N.Chawilung,Chhingchhip B.O,796161,Thingsulthliah (Part),SERCHHIP,MIZORAM
Aichalkawn,Thingsulthliah S.O,796161,Thingsulthliah (Part),AIZAWL,MIZORAM
Thingsulthliah,Thingsulthliah S.O,796161,Thingsulthliah (Part),AIZAWL,MIZORAM
Khawbel,Khawbel B.O,796161,Serchhip,SERCHHIP,MIZORAM
Thingsulthliah (Part),Thingsulthliah S.O,796161,Thingsulthliah (Part),SERCHHIP,MIZORAM
Bawktlang,N.Vanlaiphai B.O,796181,East Lungdar (Part),SERCHHIP,MIZORAM
E.Bungtlang,Serchhip S.O,796181,Serchhip,SERCHHIP,MIZORAM
Ngentiang,Lungpho B.O,796181,Serchhip,SERCHHIP,MIZORAM
Piler,Khawlailung B.O,796181,East Lungdar (Part),SERCHHIP,MIZORAM
Serchhip,Bungtlang 'N' B.O,796181,Serchhip,SERCHHIP,MIZORAM
Serchhip,Thinglian B.O,796181,Serchhip,SERCHHIP,MIZORAM
Chekawn,Chekawn B.O,796181,East Lungdar (Part),SERCHHIP,MIZORAM
Leilet N.V,N.Vanlaiphai B.O,796181,East Lungdar (Part),SERCHHIP,MIZORAM
Serchhip,N.Vanlaiphai B.O,796181,Serchhip,SERCHHIP,MIZORAM
E.Thinglian,Thinglian B.O,796181,Serchhip,SERCHHIP,MIZORAM
Hriangtlang,Serchhip S.O,796181,Serchhip,SERCHHIP,MIZORAM
Serchhip,Chhiahtlang B.O,796181,Serchhip,SERCHHIP,MIZORAM
Serchhip,New Serchhip B.O,796181,Serchhip,SERCHHIP,MIZORAM
Serchhip,Serchhip S.O,796181,Serchhip,SERCHHIP,MIZORAM
Vanchengte,Serchhip S.O,796181,Serchhip,SERCHHIP,MIZORAM
Hmunzawl,Khawlailung B.O,796181,Serchhip,SERCHHIP,MIZORAM
Keitum,Keitum B.O,796181,Serchhip,SERCHHIP,MIZORAM
Khawlailung,Khawlailung B.O,796181,East Lungdar (Part),SERCHHIP,MIZORAM
Lungkawlh,Lungkawlh B.O,796181,East Lungdar (Part),SERCHHIP,MIZORAM
Sialhau,Sialhau B.O,796181,Serchhip,SERCHHIP,MIZORAM
Bawngchawm,Serchhip S.O,796181,Serchhip,SERCHHIP,MIZORAM
Lungchhuan,Lungchhuan B.O,796181,East Lungdar (Part),SERCHHIP,MIZORAM
Lungpho,Lungpho B.O,796181,Serchhip,SERCHHIP,MIZORAM
Sialsir,Sialsir B.O,796181,East Lungdar (Part),SERCHHIP,MIZORAM
Chhipphir,Chhipphir B.O,796186,Lunglei,LUNGLEI,MIZORAM
Lunglei,Ramlaitui B.O,796186,Lunglei,LUNGLEI,MIZORAM
Neihloh,Thenzawl S.O,796186,Serchhip,SERCHHIP,MIZORAM
S.Kanghmun,Kanghmun S B.O,796186,Lunglei,LUNGLEI,MIZORAM
Bualpui’V’,Chhipphir B.O,796186,Lunglei,LUNGLEI,MIZORAM
Buangpui,Thenzawl S.O,796186,Serchhip,SERCHHIP,MIZORAM
S.Zote,Zote S B.O,796186,Lunglei,LUNGLEI,MIZORAM
Thenzawl,Thenzawl S.O,796186,Serchhip,SERCHHIP,MIZORAM
Aibawk,Sateek B.O,796190,Aibawk,AIZAWL,MIZORAM
Changpui Agri.Farm,Aibawk S.O,796190,Aibawk,AIZAWL,MIZORAM
Lungsai,Maubuang B.O,796190,Aibawk,AIZAWL,MIZORAM
N.Lungsai,Maubuang B.O,796190,Aibawk,AIZAWL,MIZORAM
Aibawk,Sailam B.O,796190,Aibawk,AIZAWL,MIZORAM
Khawhminglokawn,Aibawk S.O,796190,Aibawk,AIZAWL,MIZORAM
Aibawk,Hmuifang B.O,796190,Aibawk,AIZAWL,MIZORAM
Chawilung,Aibawk S.O,796190,Aibawk,AIZAWL,MIZORAM
Chamring,Lamchhip B.O,796190,Aibawk,AIZAWL,MIZORAM
Changtekai,Aibawk S.O,796190,Aibawk,AIZAWL,MIZORAM
Lungsei,Samlukhai B.O,796190,Aibawk,AIZAWL,MIZORAM
Aibawk,Phulpui B.O,796190,Aibawk,AIZAWL,MIZORAM
Damdiai S,Maubuang B.O,796190,Aibawk,AIZAWL,MIZORAM
Paikhai,Aibawk S.O,796190,Aibawk,AIZAWL,MIZORAM
Aibawk,Tachhip B.O,796190,Aibawk,AIZAWL,MIZORAM
Sevenphul,Tachhip B.O,796190,Aibawk,AIZAWL,MIZORAM
Tuaititkawn,Tachhip B.O,796190,Aibawk,AIZAWL,MIZORAM
Aibawk,Sumsuih B.O,796190,Aibawk,AIZAWL,MIZORAM
Aibawk,Thiak B.O,796190,Aibawk,AIZAWL,MIZORAM
Aibawk,Aibawk S.O,796190,Aibawk,AIZAWL,MIZORAM
Hliappui,N.E.Bualpui B.O,796261,Ngopa,CHAMPHAI,MIZORAM
Luangpawn,Luangpawn B.O,796261,Phullen,AIZAWL,MIZORAM
Rabung,Aiduzawl B.O,796261,Khawzawl,CHAMPHAI,MIZORAM
Thanglailung,Phullen B.O,796261,Phullen,AIZAWL,MIZORAM
Zawngin,Zawngin B.O,796261,Phullen,AIZAWL,MIZORAM
Changzawl,Changzawl B.O,796261,Ngopa,CHAMPHAI,MIZORAM
Lenchim,Ruallung B.O,796261,Thingsulthliah (Part),AIZAWL,MIZORAM
Rulchawm,Keifang B.O,796261,Phullen,AIZAWL,MIZORAM
Suangpuilawn,Suangpuilawn B.O,796261,Phullen,AIZAWL,MIZORAM
Tualbung,Tualbung B.O,796261,Thingsulthliah (Part),AIZAWL,MIZORAM
Vanbawng,Vanbawng B.O,796261,Phullen,AIZAWL,MIZORAM
Pawlrang,Pawlrang B.O,796261,Ngopa,CHAMPHAI,MIZORAM
Sihfa,Sihfa B.O,796261,Thingsulthliah (Part),AIZAWL,MIZORAM
Maite,Maite B.O,796261,Thingsulthliah (Part),AIZAWL,MIZORAM
N.Khawlek,N.Khawlek B.O,796261,Phullen,AIZAWL,MIZORAM
N.Lungpher,Lungpher 'N' B.O,796261,Thingsulthliah (Part),AIZAWL,MIZORAM
Phuaibuang,Phuaibuang B.O,796261,Phullen,AIZAWL,MIZORAM
Phullen,Ruallung B.O,796261,Phullen,AIZAWL,MIZORAM
Saichal,Saichal B.O,796261,Ngopa,CHAMPHAI,MIZORAM
Buhban,Buhban B.O,796261,Thingsulthliah (Part),AIZAWL,MIZORAM
Lamherh,Phullen B.O,796261,Phullen,AIZAWL,MIZORAM
Mualpheng,Mualpheng B.O,796261,Thingsulthliah (Part),AIZAWL,MIZORAM
Daido,Daido B.O,796261,Phullen,AIZAWL,MIZORAM
Hliappui S.,N.E.Bualpui B.O,796261,Ngopa,CHAMPHAI,MIZORAM
N.E.Tlangnuam,Khawlian B.O,796261,Phullen,AIZAWL,MIZORAM
Pamchung,Aiduzawl B.O,796261,Khawzawl,CHAMPHAI,MIZORAM
Phullen,Keifang B.O,796261,Phullen,AIZAWL,MIZORAM
Phullen,N.E.Bualpui B.O,796261,Phullen,AIZAWL,MIZORAM
Saitual,Saitual S.O,796261,Phullen,AIZAWL,MIZORAM
Tualbung,Tualbung B.O,796261,Ngopa,CHAMPHAI,MIZORAM
Aiduzawl,Aiduzawl B.O,796261,Khawzawl,CHAMPHAI,MIZORAM
Khawlian,Khawlian B.O,796261,Phullen,AIZAWL,MIZORAM
Phullen,Phullen B.O,796261,Phullen,AIZAWL,MIZORAM
Tawizo,Mualpheng B.O,796261,Thingsulthliah (Part),AIZAWL,MIZORAM
Chiahpui,Ne Khawdungsei B.O,796290,Ngopa,CHAMPHAI,MIZORAM
Selam,Selam B.O,796290,Ngopa,CHAMPHAI,MIZORAM
Kawlbem,Kawlbem B.O,796290,Ngopa,CHAMPHAI,MIZORAM
Khawkawn,Khawkawn B.O,796290,Ngopa,CHAMPHAI,MIZORAM
Mimbung,Mimbung B.O,796290,Ngopa,CHAMPHAI,MIZORAM
Ngopa,Ngopa S.O,796290,Ngopa,CHAMPHAI,MIZORAM
Ngopa,Vaikhawtlang B.O,796290,Ngopa,CHAMPHAI,MIZORAM
N.E.Khawdungsei,Ne Khawdungsei B.O,796290,Ngopa,CHAMPHAI,MIZORAM
Hrianghmun,Hrianghmun B.O,796290,Ngopa,CHAMPHAI,MIZORAM
Lamzawl,Lamzawl B.O,796290,Ngopa,CHAMPHAI,MIZORAM
Teikhang,Teikhang B.O,796290,Ngopa,CHAMPHAI,MIZORAM
Rullam,Rullam B.O,796310,Serchhip,SERCHHIP,MIZORAM
Zaupui,Khawzawl S.O,796310,Khawzawl,CHAMPHAI,MIZORAM
Khuailui,Khawzawl S.O,796310,Khawzawl,CHAMPHAI,MIZORAM
Tualpui,Tualpui B.O,796310,Khawzawl,CHAMPHAI,MIZORAM
Arro,Khawzawl S.O,796310,Khawzawl,CHAMPHAI,MIZORAM
Chhawrtui,Chhawrtui B.O,796310,Khawzawl,CHAMPHAI,MIZORAM
Dulte,Dulte B.O,796310,Khawzawl,CHAMPHAI,MIZORAM
Kawlkulh,Kawlkulh B.O,796310,Khawzawl,CHAMPHAI,MIZORAM
Melhnih (Chalrang),Chalrang B.O,796310,Khawzawl,CHAMPHAI,MIZORAM
Mualzen,Khawzawl S.O,796310,Khawzawl,CHAMPHAI,MIZORAM
Ngaizawl,Khawzawl S.O,796310,Khawzawl,CHAMPHAI,MIZORAM
Demdum,Khawzawl S.O,796310,Khawzawl,CHAMPHAI,MIZORAM
Khawpuitan,Khawzawl S.O,796310,Khawzawl,CHAMPHAI,MIZORAM
Lungtan,Lungtan B.O,796310,Khawzawl,CHAMPHAI,MIZORAM
Khawzawl,Khawhai B.O,796310,Khawzawl,CHAMPHAI,MIZORAM
Chalrang,Chalrang B.O,796310,Khawzawl,CHAMPHAI,MIZORAM
Chawngtlai,Chawngtlai B.O,796310,Khawzawl,CHAMPHAI,MIZORAM
Hmuncheng,Khawzawl S.O,796310,Khawzawl,CHAMPHAI,MIZORAM
Khawzawl,Riangtlei B.O,796310,Khawzawl,CHAMPHAI,MIZORAM
N.E.Diltlang,Khawzawl S.O,796310,Khawzawl,CHAMPHAI,MIZORAM
New Chalrang,N.Chalrang B.O,796310,Khawzawl,CHAMPHAI,MIZORAM
Puilo,Puilo B.O,796310,Khawzawl,CHAMPHAI,MIZORAM
Khualen,Khawzawl S.O,796310,Khawzawl,CHAMPHAI,MIZORAM
Phunchawngzawl,Khawzawl S.O,796310,Khawzawl,CHAMPHAI,MIZORAM
Tualte,Tualte B.O,796310,Khawzawl,CHAMPHAI,MIZORAM
Vankal,Kawlkulh B.O,796310,Khawzawl,CHAMPHAI,MIZORAM
Khawzawl,Khawzawl S.O,796310,Khawzawl,CHAMPHAI,MIZORAM
Neihdawn,Neihdawn B.O,796310,Khawzawl,CHAMPHAI,MIZORAM
Vanchengpui,Vanchengpui B.O,796310,Khawzawl,CHAMPHAI,MIZORAM
Vangtlang,Vangtlang B.O,796310,Khawzawl,CHAMPHAI,MIZORAM
Lianpui,S.Khawbung S.O,796320,Khawbung,CHAMPHAI,MIZORAM
Vangchhia,Vangchhia B.O,796320,Khawbung,CHAMPHAI,MIZORAM
Zawlsei,S.Khawbung S.O,796320,Khawbung,CHAMPHAI,MIZORAM
Farkawn,Farkawn B.O,796320,Khawbung,CHAMPHAI,MIZORAM
Bungzung,Bungzung B.O,796320,Khawbung,CHAMPHAI,MIZORAM
Khankawn,Muallung B.O,796320,Khawbung,CHAMPHAI,MIZORAM
S.Khawbung,S.Khawbung S.O,796320,Khawbung,CHAMPHAI,MIZORAM
Vaphai,Vaphai B.O,796320,Khawbung,CHAMPHAI,MIZORAM
Zawngtetui,Bungzung B.O,796320,Khawbung,CHAMPHAI,MIZORAM
Leithum,Leithum B.O,796320,Khawbung,CHAMPHAI,MIZORAM
Samthang (New),Samthang B.O,796320,Khawbung,CHAMPHAI,MIZORAM
Dungtlang (old),Dungtlang B.O,796320,Khawbung,CHAMPHAI,MIZORAM
Khuangthing,Khuangthing B.O,796320,Khawbung,CHAMPHAI,MIZORAM
Khawbung,S.Khawbung S.O,796320,Khawbung,CHAMPHAI,MIZORAM
Samthang (old),Samthang B.O,796320,Khawbung,CHAMPHAI,MIZORAM
Thekpui,Muallung B.O,796320,Khawbung,CHAMPHAI,MIZORAM
Thekte,Muallung B.O,796320,Khawbung,CHAMPHAI,MIZORAM
E.Chawngtui,Vaphai B.O,796320,Khawbung,CHAMPHAI,MIZORAM
Dungtlang (New),Dungtlang B.O,796320,Khawbung,CHAMPHAI,MIZORAM
Sazep,Sazep B.O,796320,Khawbung,CHAMPHAI,MIZORAM
Vanzau,Vanzau B.O,796320,Khawbung,CHAMPHAI,MIZORAM
Champhai,Champhai S.O,796321,Khawbung,CHAMPHAI,MIZORAM
Khawbung,Hmunhmeltha B.O,796321,Khawbung,CHAMPHAI,MIZORAM
Khawbung,Tlangsam B.O,796321,Khawbung,CHAMPHAI,MIZORAM
Bulfekzawl,Hruaikawn B.O,796321,Khawbung,CHAMPHAI,MIZORAM
Lianpui,Leisenzo B.O,796321,Khawbung,CHAMPHAI,MIZORAM
Mualkawi,Maulkawi B.O,796321,Khawzawl,CHAMPHAI,MIZORAM
N.Khawbung,N.Khawbung B.O,796321,Khawzawl,CHAMPHAI,MIZORAM
Sesih,Sesih B.O,796321,Khawbung,CHAMPHAI,MIZORAM
Melbuk (Khawnuam),Khawnuam B.O,796321,Khawzawl,CHAMPHAI,MIZORAM
Murlen,Murlen B.O,796321,Khawzawl,CHAMPHAI,MIZORAM
Ngur,Ngur B.O,796321,Khawzawl,CHAMPHAI,MIZORAM
Chhungtekawn,Champhai S.O,796321,Khawbung,CHAMPHAI,MIZORAM
Hruaikawn (New),Hruaikawn B.O,796321,Khawbung,CHAMPHAI,MIZORAM
Khawbung,Ruantlang B.O,796321,Khawbung,CHAMPHAI,MIZORAM
Khuangphah,Khuangphah B.O,796321,Khawzawl,CHAMPHAI,MIZORAM
Khuangleng,Khuangleng B.O,796321,Khawbung,CHAMPHAI,MIZORAM
Lungphunlian,Lungphunlian B.O,796321,Khawzawl,CHAMPHAI,MIZORAM
Tualcheng,Tualcheng B.O,796321,Khawzawl,CHAMPHAI,MIZORAM
Tuipui,Champhai S.O,796321,Khawzawl,CHAMPHAI,MIZORAM
Dilkawn,Kelkang B.O,796321,Khawzawl,CHAMPHAI,MIZORAM
Khawbung,Bethel B.O,796321,Khawbung,CHAMPHAI,MIZORAM
Khawbung,Zote 'e' B.O,796321,Khawbung,CHAMPHAI,MIZORAM
Vapar,Vapar B.O,796321,Khawzawl,CHAMPHAI,MIZORAM
Hnahlan,Hnahlan B.O,796321,Khawzawl,CHAMPHAI,MIZORAM
Kelkang,Kelkang B.O,796321,Khawzawl,CHAMPHAI,MIZORAM
Leisenzo,Leisenzo B.O,796321,Khawbung,CHAMPHAI,MIZORAM
NewChamphai,Bethel B.O,796321,Khawbung,CHAMPHAI,MIZORAM
Buang,Kelkang B.O,796321,Khawbung,CHAMPHAI,MIZORAM
Hruaikawn (old),Hruaikawn B.O,796321,Khawbung,CHAMPHAI,MIZORAM
Khawbung,Khawnuam B.O,796321,Khawbung,CHAMPHAI,MIZORAM
N.E.Diltlang,Hnahlan B.O,796321,Khawzawl,CHAMPHAI,MIZORAM
Zokhawthar,Khawnuam B.O,796321,Khawzawl,CHAMPHAI,MIZORAM
Maicham,Lungdar S.O,796370,East Lungdar (Part),SERCHHIP,MIZORAM
N.Mualcheng,Mualcheng B.O,796370,East Lungdar (Part),SERCHHIP,MIZORAM
Riangtlei,Biate B.O,796370,East Lungdar (Part),CHAMPHAI,MIZORAM
East Lungdar (Part),Lungdar S.O,796370,East Lungdar (Part),SERCHHIP,MIZORAM
Sailulak,Sailulak B.O,796370,East Lungdar (Part),SERCHHIP,MIZORAM
East Lungdar (Part),Biate B.O,796370,East Lungdar (Part),CHAMPHAI,MIZORAM
East Lungdar (Part),Lungdar S.O,796370,East Lungdar (Part),CHAMPHAI,MIZORAM
Sialhawk,Sialhawk B.O,796370,East Lungdar (Part),CHAMPHAI,MIZORAM
E.Lungdar,Lungdar S.O,796370,East Lungdar (Part),SERCHHIP,MIZORAM
Leng,Leng B.O,796370,East Lungdar (Part),SERCHHIP,MIZORAM
Tlangpui,Tlangpui B.O,796370,East Lungdar (Part),CHAMPHAI,MIZORAM
Tlangpuite,Sialhawk B.O,796370,Khawzawl,CHAMPHAI,MIZORAM
Tuichang,Lungdar S.O,796370,East Lungdar (Part),SERCHHIP,MIZORAM
Puallawi,Lungdar S.O,796370,East Lungdar (Part),SERCHHIP,MIZORAM
East Lungdar (Part),Mualcheng B.O,796370,East Lungdar (Part),CHAMPHAI,MIZORAM
Khamrang,Sairang S.O,796410,Zawlnuam,MAMMIT,MIZORAM
Nghalchawm,Sairang S.O,796410,Reiek,MAMMIT,MIZORAM
Mualkhang,Mualkhang B.O,796410,Tlangnuam (Part),KOLASIB,MIZORAM
Rawpuichhip,Rawpuichhip B.O,796410,Reiek,MAMMIT,MIZORAM
Dapchhuah (Tutphai),Dapchhuah B.O,796410,Reiek,MAMMIT,MIZORAM
Khamrang,Sairang S.O,796410,Tlangnuam (Part),KOLASIB,MIZORAM
Tuahzawl,Rawpuichhip B.O,796410,Reiek,MAMMIT,MIZORAM
Tlangnuam (Part),Ptc Lungverh B.O,796410,Tlangnuam (Part),AIZAWL,MIZORAM
Lengpui,Lengpui Airport S.O,796421,Reiek,MAMMIT,MIZORAM
Hmunpui,Hmunpui B.O,796421,Reiek,MAMMIT,MIZORAM
Saitlaw,Hmunpui B.O,796421,Reiek,MAMMIT,MIZORAM
Hnahva,Hnahva B.O,796431,West Phaileng,MAMMIT,MIZORAM
Khantlang,Phaileng S.O,796431,West Phaileng,MAMMIT,MIZORAM
N.Chhippui,N.Chhippui B.O,796431,West Phaileng,MAMMIT,MIZORAM
Pukzing,Pukzing B.O,796431,West Phaileng,MAMMIT,MIZORAM
Tuilutkawn,Phaileng S.O,796431,West Phaileng,MAMMIT,MIZORAM
Aivapui,Phaileng S.O,796431,West Phaileng,MAMMIT,MIZORAM
Kawnmawi,N.Chhippui B.O,796431,West Phaileng,MAMMIT,MIZORAM
Khawthar,Phaileng S.O,796431,West Phaileng,MAMMIT,MIZORAM
Phuldungsei,Phuldungsei B.O,796431,West Phaileng,MAMMIT,MIZORAM
Teirei Forest,Phaileng S.O,796431,West Phaileng,MAMMIT,MIZORAM
Tuipuibari,Tuipuibari B.O,796431,West Phaileng,MAMMIT,MIZORAM
Andermanik,Phaileng S.O,796431,West Phaileng,MAMMIT,MIZORAM
Marpara North,Marpara B.O,796431,West Phaileng,MAMMIT,MIZORAM
Tuichar,Phaileng S.O,796431,West Phaileng,MAMMIT,MIZORAM
Hruiduk,Marpara B.O,796431,West Phaileng,MAMMIT,MIZORAM
Keisalam I,Phaileng S.O,796431,West Phaileng,MAMMIT,MIZORAM
Keisalam II,Phaileng S.O,796431,West Phaileng,MAMMIT,MIZORAM
Lambachhora,Phaileng S.O,796431,West Phaileng,MAMMIT,MIZORAM
Parvatui,Parvatui B.O,796431,West Phaileng,MAMMIT,MIZORAM
Rajivnagar,Phaileng S.O,796431,West Phaileng,MAMMIT,MIZORAM
Saithah,Saithah B.O,796431,West Phaileng,MAMMIT,MIZORAM
West Phaileng,Marpara B.O,796431,West Phaileng,MAMMIT,MIZORAM
Chikhatlang,Phaileng S.O,796431,West Phaileng,MAMMIT,MIZORAM
Khawhnai,Khawhnai B.O,796431,West Phaileng,MAMMIT,MIZORAM
Persang,Tuipuibari B.O,796431,West Phaileng,MAMMIT,MIZORAM
Saipui,Phaileng S.O,796431,West Phaileng,MAMMIT,MIZORAM
Salem Boarding,Phaileng S.O,796431,West Phaileng,MAMMIT,MIZORAM
Silsuri,Silsury B.O,796431,West Phaileng,MAMMIT,MIZORAM
W.Phulpui,Phuldungsei B.O,796431,West Phaileng,MAMMIT,MIZORAM
Belkhai,Phaileng S.O,796431,West Phaileng,MAMMIT,MIZORAM
Sesih,Phaileng S.O,796431,West Phaileng,MAMMIT,MIZORAM
W.Phaileng,Phaileng S.O,796431,West Phaileng,MAMMIT,MIZORAM
Lallen,Lallen B.O,796431,West Phaileng,MAMMIT,MIZORAM
Damparengpui,Damparengpui B.O,796431,West Phaileng,MAMMIT,MIZORAM
Hnahthialzawl,Phaileng S.O,796431,West Phaileng,MAMMIT,MIZORAM
Lizawn,Phaileng S.O,796431,West Phaileng,MAMMIT,MIZORAM
Pukzing vengthar,Pukzing B.O,796431,West Phaileng,MAMMIT,MIZORAM
Tuirum,Phaileng S.O,796431,West Phaileng,MAMMIT,MIZORAM
West Phaileng,Phaileng S.O,796431,West Phaileng,MAMMIT,MIZORAM
Zopui,Phuldungsei B.O,796431,West Phaileng,MAMMIT,MIZORAM
Pathiantlang,N.Sabual B.O,796441,Zawlnuam,MAMMIT,MIZORAM
Setlak,Mamit S.O,796441,Zawlnuam,MAMMIT,MIZORAM
Thaidawr I,Kawrtethawveng B.O,796441,Zawlnuam,MAMMIT,MIZORAM
West Phaileng,Serhmun B.O,796441,West Phaileng,MAMMIT,MIZORAM
Dampui,Dampui B.O,796441,Zawlnuam,MAMMIT,MIZORAM
Thaidawr IV,Kawrtethawveng B.O,796441,Zawlnuam,MAMMIT,MIZORAM
Mamit,Mamit S.O,796441,West Phaileng,MAMMIT,MIZORAM
Mualthuam,Kawrtethawveng B.O,796441,Zawlnuam,MAMMIT,MIZORAM
Saipuilui,Mamit S.O,796441,Zawlnuam,MAMMIT,MIZORAM
Kawrtethawveng,Kawrtethawveng B.O,796441,Zawlnuam,MAMMIT,MIZORAM
Chilui,N.Sabual B.O,796441,Zawlnuam,MAMMIT,MIZORAM
N.Sabual,N.Sabual B.O,796441,Zawlnuam,MAMMIT,MIZORAM
Rengdil,Rengdil B.O,796441,Zawlnuam,MAMMIT,MIZORAM
Thaidawr II,Kawrtethawveng B.O,796441,Zawlnuam,MAMMIT,MIZORAM
Thaidawr III,Kawrtethawveng B.O,796441,Zawlnuam,MAMMIT,MIZORAM
Tuidam,Tuidam B.O,796441,Zawlnuam,MAMMIT,MIZORAM
Bajirungpaveng,Zawlnuam S.O,796471,Zawlnuam,MAMMIT,MIZORAM
Bawngva,Zawlnuam S.O,796471,Zawlnuam,MAMMIT,MIZORAM
Sarali K,Zawlnuam S.O,796471,Zawlnuam,MAMMIT,MIZORAM
Zawlpui,Zawlnuam S.O,796471,West Phaileng,MAMMIT,MIZORAM
Kolalian,Hriphaw B.O,796471,Zawlnuam,MAMMIT,MIZORAM
Lushaicherra,Lushaicherra B.O,796471,Zawlnuam,MAMMIT,MIZORAM
Moraicherra,Kanhmunbazar B.O,796471,Zawlnuam,MAMMIT,MIZORAM
Serhmun,Zawlnuam S.O,796471,Zawlnuam,MAMMIT,MIZORAM
Sihthiang,Zawlnuam S.O,796471,Zawlnuam,MAMMIT,MIZORAM
Tuirum,Zawlnuam S.O,796471,Zawlnuam,MAMMIT,MIZORAM
W.Chipui,Zawlnuam S.O,796471,Zawlnuam,MAMMIT,MIZORAM
Bungthuam,Momcherra B.O,796471,Zawlnuam,MAMMIT,MIZORAM
Kanhmun,Kanhmunbazar B.O,796471,Zawlnuam,MAMMIT,MIZORAM
Khanthuam,Zawlnuam S.O,796471,Zawlnuam,MAMMIT,MIZORAM
Vawngawn,Zawlnuam S.O,796471,Zawlnuam,MAMMIT,MIZORAM
Zawlnuam,Kanhmunbazar B.O,796471,Zawlnuam,MAMMIT,MIZORAM
Zawlpui,Zawlnuam S.O,796471,Zawlnuam,MAMMIT,MIZORAM
E.Chipui,Zawlnuam S.O,796471,Zawlnuam,MAMMIT,MIZORAM
Nalzawl,Zawlnuam S.O,796471,Zawlnuam,MAMMIT,MIZORAM
Zawlnuam,Zawlnuam S.O,796471,Zawlnuam,MAMMIT,MIZORAM
Damanchhora,Zawlnuam S.O,796471,Zawlnuam,MAMMIT,MIZORAM
Lungmawi,Zamuang B.O,796471,Zawlnuam,MAMMIT,MIZORAM
N.Tlangkhang,Zawlnuam S.O,796471,Zawlnuam,MAMMIT,MIZORAM
Vanmawiaveng,Zawlnuam S.O,796471,Zawlnuam,MAMMIT,MIZORAM
W.Lungpher,Zawlnuam S.O,796471,Zawlnuam,MAMMIT,MIZORAM
Zawlnuam,Boraibazar B.O,796471,Zawlnuam,MAMMIT,MIZORAM
Dinthar Bethel,Zawlnuam S.O,796471,Zawlnuam,MAMMIT,MIZORAM
Lahmun,Zawlnuam S.O,796471,Zawlnuam,MAMMIT,MIZORAM
Zamuang,Zamuang B.O,796471,Zawlnuam,MAMMIT,MIZORAM
Hriphaw,Hriphaw B.O,796471,Zawlnuam,MAMMIT,MIZORAM
N.W.Bunghmun,Zawlnuam S.O,796471,Zawlnuam,MAMMIT,MIZORAM
Phaizau,Zawlnuam S.O,796471,Zawlnuam,MAMMIT,MIZORAM
Tuidai,Zawlnuam S.O,796471,Zawlnuam,MAMMIT,MIZORAM
Zawlnuam,Momcherra B.O,796471,Zawlnuam,MAMMIT,MIZORAM
Hnahthialtlang,Zawlnuam S.O,796471,Zawlnuam,MAMMIT,MIZORAM
Kananthar,Zamuang B.O,796471,Zawlnuam,MAMMIT,MIZORAM
N.Maubuang,Zawlnuam S.O,796471,Zawlnuam,MAMMIT,MIZORAM
Serali R,Zawlnuam S.O,796471,Zawlnuam,MAMMIT,MIZORAM
Sotapa Veng,Zawlnuam S.O,796471,Zawlnuam,MAMMIT,MIZORAM
W.Damdiai,Zawlnuam S.O,796471,Zawlnuam,MAMMIT,MIZORAM
N. Kanghmun,Kanghmun B.O,796501,Reiek,MAMMIT,MIZORAM
S.Sabual,S.Sabual B.O,796501,Reiek,MAMMIT,MIZORAM
Reiek,Reiek S.O,796501,Reiek,MAMMIT,MIZORAM
Rulpuihlim,Rulpuihlim B.O,796501,Reiek,MAMMIT,MIZORAM
W.Lungdar,Lungdar 'W' B.O,796501,Reiek,MAMMIT,MIZORAM
Ailawng,Ailawng B.O,796501,Reiek,MAMMIT,MIZORAM
Dilzawl,Reiek S.O,796501,Reiek,MAMMIT,MIZORAM
Rallen,Darlung B.O,796501,Reiek,MAMMIT,MIZORAM
Bawngthah,Darlung B.O,796501,Reiek,MAMMIT,MIZORAM
Vaak,Reiek S.O,796501,Reiek,MAMMIT,MIZORAM
Bawlte,Darlung B.O,796501,Reiek,MAMMIT,MIZORAM
Chungtlang,Rulpuihlim B.O,796501,Reiek,MAMMIT,MIZORAM
Darlung,Darlung B.O,796501,Reiek,MAMMIT,MIZORAM
Khawrihnim,Khawrihnim B.O,796501,Reiek,MAMMIT,MIZORAM
Lungphun,Kanghmun B.O,796501,Reiek,MAMMIT,MIZORAM
Leite,Leite B.O,796571,Hnahthial,LUNGLEI,MIZORAM
New Ngharchhip,Cherhlun B.O,796571,Hnahthial,LUNGLEI,MIZORAM
Cherhlun,Cherhlun B.O,796571,Hnahthial,LUNGLEI,MIZORAM
Denlung,Hnahthial S.O,796571,Hnahthial,LUNGLEI,MIZORAM
Khawnglung,Rawpui B.O,796571,Hnahthial,LUNGLEI,MIZORAM
Lungpuitlang,Muallianpui B.O,796571,Hnahthial,LUNGLEI,MIZORAM
S.Chawngtui,Chawngtui B.O,796571,Hnahthial,LUNGLEI,MIZORAM
Khawhlum,Hnahthial S.O,796571,Hnahthial,LUNGLEI,MIZORAM
Rawpui,Rawpui B.O,796571,Hnahthial,LUNGLEI,MIZORAM
S.Lungleng,Lungleng 's' B.O,796571,Hnahthial,LUNGLEI,MIZORAM
S.Phaileng,Pangzawl B.O,796571,Lunglei,LUNGLEI,MIZORAM
S.Vanlaiphai,S.Vanlaiphai B.O,796571,Hnahthial,LUNGLEI,MIZORAM
Tuipui(Darzokai),Tuipui 'D' B.O,796571,Hnahthial,LUNGLEI,MIZORAM
Darzo,Darzo B.O,796571,Hnahthial,LUNGLEI,MIZORAM
Denlung,Aithur B.O,796571,Hnahthial,LUNGLEI,MIZORAM
Hnahthial,Chawngtui B.O,796571,Hnahthial,LUNGLEI,MIZORAM
Hnahthial,Hnahthial S.O,796571,Hnahthial,LUNGLEI,MIZORAM
Khawhri,Tarpho B.O,796571,Hnahthial,LUNGLEI,MIZORAM
Maudarh,Leite B.O,796571,Hnahthial,LUNGLEI,MIZORAM
Pangzawl,Pangzawl B.O,796571,Hnahthial,LUNGLEI,MIZORAM
E.Rotlang,Leite B.O,796571,Hnahthial,LUNGLEI,MIZORAM
Old Ngharchhip,Cherhlun B.O,796571,Hnahthial,LUNGLEI,MIZORAM
Tarpho,Tarpho B.O,796571,Hnahthial,LUNGLEI,MIZORAM
Thiltlang,Thiltlang B.O,796571,Hnahthial,LUNGLEI,MIZORAM
Aithur,Aithur B.O,796571,Hnahthial,LUNGLEI,MIZORAM
Kutkawk,Leite B.O,796571,Hnahthial,LUNGLEI,MIZORAM
Lungmawi,Pangzawl B.O,796571,Lunglei,LUNGLEI,MIZORAM
Lungpuitlang,S.Vanlaiphai B.O,796571,Hnahthial,LUNGLEI,MIZORAM
Muallianpui,Muallianpui B.O,796571,Hnahthial,LUNGLEI,MIZORAM
Hnahthial,Bualpui H B.O,796581,Hnahthial,LUNGLEI,MIZORAM
Thingsai,Thingsai S.O,796581,Hnahthial,LUNGLEI,MIZORAM
Chengpui,Zohnuai B.O,796691,Lunglei,LUNGLEI,MIZORAM
Lunglei,Zohnuai B.O,796691,Lunglei,LUNGLEI,MIZORAM
Zotlang Veng,Zotlang S.O,796691,Lunglei,LUNGLEI,MIZORAM
Lunglei,Hnahchang B.O,796691,Lunglei,LUNGLEI,MIZORAM
Haulawng,Haulawng B.O,796691,Lunglei,LUNGLEI,MIZORAM
Hmuntlang,Haulawng B.O,796691,Lunglei,LUNGLEI,MIZORAM
Kawmzawl,Pukpui B.O,796691,Lunglei,LUNGLEI,MIZORAM
Lunglei,Pukpui B.O,796691,Lunglei,LUNGLEI,MIZORAM
Mualthuam’S’,Mualthuam 'N' B.O,796691,Lunglei,LUNGLEI,MIZORAM
Ralvawng,Ralvawng B.O,796691,Lunglei,LUNGLEI,MIZORAM
Lunglei,Chandmary B.O,796701,Lunglei,LUNGLEI,MIZORAM
N.Lunglei,Lunglei S.O,796701,Zawlnuam,MAMMIT,MIZORAM
S.Tawipui,Tawipui 'S' B.O,796701,Lunglei,LUNGLEI,MIZORAM
Sekhum,Lunglei S.O,796701,Lunglei,LUNGLEI,MIZORAM
Sertlangpui,Sertlangpui B.O,796701,West Bunghmun,LUNGLEI,MIZORAM
Thuampui,Thuampui B.O,796701,Lunglei,LUNGLEI,MIZORAM
Vaisam,Vaisam B.O,796701,Lunglei,LUNGLEI,MIZORAM
Buknuam,Vaisam B.O,796701,Lunglei,LUNGLEI,MIZORAM
Lunglei,Changpui B.O,796701,Lunglei,LUNGLEI,MIZORAM
New.Dawn,Zobawk B.O,796701,Lunglei,LUNGLEI,MIZORAM
Thangpui,Vaisam B.O,796701,Lunglei,LUNGLEI,MIZORAM
Thingfal,Thingfal B.O,796701,Lunglei,LUNGLEI,MIZORAM
Kawnpui W,Kawnpui W B.O,796701,West Bunghmun,LUNGLEI,MIZORAM
Lungchem,Lungchem B.O,796701,West Bunghmun,LUNGLEI,MIZORAM
New Sachan,Sachan B.O,796701,West Bunghmun,LUNGLEI,MIZORAM
Sesawm,Sesawm B.O,796701,West Bunghmun,LUNGLEI,MIZORAM
Thaizawl,Bualte B.O,796701,Lunglei,LUNGLEI,MIZORAM
Thehlep,Vanhne B.O,796701,Lunglei,LUNGLEI,MIZORAM
Bualte,Bualte B.O,796701,Lunglei,LUNGLEI,MIZORAM
Darngawn,Darngawn W B.O,796701,West Bunghmun,LUNGLEI,MIZORAM
Dawn,Zobawk B.O,796701,Lunglei,LUNGLEI,MIZORAM
Lunglei,Kikawn B.O,796701,Lunglei,LUNGLEI,MIZORAM
Buarpui,Buarpui B.O,796701,West Bunghmun,LUNGLEI,MIZORAM
Lunglei,Lunglei S.O,796701,Lunglei,LUNGLEI,MIZORAM
Sachan,Sachan B.O,796701,West Bunghmun,LUNGLEI,MIZORAM
Siallu Cattle Farm,Lunglei S.O,796701,Lunglei,LUNGLEI,MIZORAM
Thualthu,Thualthu B.O,796701,Lunglei,LUNGLEI,MIZORAM
Zotuitlang,Lunglei S.O,796701,Lunglei,LUNGLEI,MIZORAM
Bualte Bawk,Bualte B.O,796701,Lunglei,LUNGLEI,MIZORAM
Herhse,Lunglei S.O,796701,Lunglei,LUNGLEI,MIZORAM
Lunglei,Hrangchalkawn B.O,796701,Lunglei,LUNGLEI,MIZORAM
Matbawk,Lunglei S.O,796701,Lunglei,LUNGLEI,MIZORAM
Ramlaitui,Lunglei S.O,796701,Lunglei,LUNGLEI,MIZORAM
S.Mualcheng,Mualcheng 'S' B.O,796701,Lunglei,LUNGLEI,MIZORAM
Sairep,Hrangchalkawn B.O,796701,Lunglei,LUNGLEI,MIZORAM
Saza I.B,Lunglei S.O,796701,Lunglei,LUNGLEI,MIZORAM
Thenhlum,Thenhlum B.O,796701,West Bunghmun,LUNGLEI,MIZORAM
West Bunghmun,Darngawn W B.O,796701,West Bunghmun,LUNGLEI,MIZORAM
Lunglei,Hauruang B.O,796701,Lunglei,LUNGLEI,MIZORAM
Lunglei,Lunglawn B.O,796701,Lunglei,LUNGLEI,MIZORAM
Lunglei,Sazaikawn B.O,796701,Lunglei,LUNGLEI,MIZORAM
Mamte,Thingfal B.O,796701,Lunglei,LUNGLEI,MIZORAM
Runtung,Hauruang B.O,796701,Lunglei,LUNGLEI,MIZORAM
Vanhne,Vanhne B.O,796701,Lunglei,LUNGLEI,MIZORAM
Chithar,Vaisam B.O,796701,Lunglei,LUNGLEI,MIZORAM
Hlumte,Zobawk B.O,796701,Lunglei,LUNGLEI,MIZORAM
Lunglei,Theiriat B.O,796701,Lunglei,LUNGLEI,MIZORAM
Lunglei,Zobawk B.O,796701,Lunglei,LUNGLEI,MIZORAM
Mausen,Lunglei S.O,796701,Lunglei,LUNGLEI,MIZORAM
N.Tawipui,Tawipui 'N' B.O,796701,Lunglei,LUNGLEI,MIZORAM
S.Lunglei,Lunglei S.O,796701,Lunglei,LUNGLEI,MIZORAM
Thangte,Vaisam B.O,796701,Lunglei,LUNGLEI,MIZORAM
Thlengang,Tawipui 'S' B.O,796701,Lunglei,LUNGLEI,MIZORAM
Valcheng,Lunglei S.O,796701,Lunglei,LUNGLEI,MIZORAM
W.Bunghmun,Bunghmun S.O,796710,West Bunghmun,LUNGLEI,MIZORAM
New Belkhai (Tuikawi),Bunghmun S.O,796710,West Bunghmun,LUNGLEI,MIZORAM
S.Lungdai,Bunghmun S.O,796710,West Bunghmun,LUNGLEI,MIZORAM
Laisawral,Laisawral B.O,796710,West Bunghmun,LUNGLEI,MIZORAM
Serte,Bunghmun S.O,796710,West Bunghmun,LUNGLEI,MIZORAM
West Bunghmun,Bunghmun S.O,796710,West Bunghmun,LUNGLEI,MIZORAM
Thingkhim,Bunghmun S.O,796710,West Bunghmun,LUNGLEI,MIZORAM
Salmar,Bunghmun S.O,796710,West Bunghmun,LUNGLEI,MIZORAM
Sumasumi,Bunghmun S.O,796710,West Bunghmun,LUNGLEI,MIZORAM
New.Khawlek,Bunghmun S.O,796710,West Bunghmun,LUNGLEI,MIZORAM
S.Dampui,Bunghmun S.O,796710,West Bunghmun,LUNGLEI,MIZORAM
S.Khawlek,Bunghmun S.O,796710,West Bunghmun,LUNGLEI,MIZORAM
Tleu,Bunghmun S.O,796710,West Bunghmun,LUNGLEI,MIZORAM
W.Bungtlang,Bunghmun S.O,796710,West Bunghmun,LUNGLEI,MIZORAM
Saisen,Bunghmun S.O,796710,West Bunghmun,LUNGLEI,MIZORAM
Terabonia,Bunghmun S.O,796710,West Bunghmun,LUNGLEI,MIZORAM
Andermanik,Lungsen S.O,796730,Lungsen,LUNGLEI,MIZORAM
Belthei,Belthei B.O,796730,Lungsen,LUNGLEI,MIZORAM
Damlui,Lungsen S.O,796730,Lungsen,LUNGLEI,MIZORAM
Kauchhuah,Lungsen S.O,796730,Lungsen,LUNGLEI,MIZORAM
Rolui,Tuichawng B.O,796730,Lungsen,LUNGLEI,MIZORAM
Rualalung,Rualalung B.O,796730,Lungsen,LUNGLEI,MIZORAM
S.Tlangkhang,Lungsen S.O,796730,Lungsen,LUNGLEI,MIZORAM
Sedailui,Lungsen S.O,796730,Lungsen,LUNGLEI,MIZORAM
Sihtlang,Lungsen S.O,796730,Lungsen,LUNGLEI,MIZORAM
Tuichawng,Tuichawng B.O,796730,Lungsen,LUNGLEI,MIZORAM
Benga Veng,Lungsen S.O,796730,Lungsen,LUNGLEI,MIZORAM
Gurusora,Lungsen S.O,796730,Lungsen,LUNGLEI,MIZORAM
Letisuri,Lungsen S.O,796730,Lungsen,LUNGLEI,MIZORAM
Phairuangchhuah,Lungsen S.O,796730,Lungsen,LUNGLEI,MIZORAM
Phairuangkai,Phairuangkai B.O,796730,Lungsen,LUNGLEI,MIZORAM
Tuichawngchhuah,Lungsen S.O,796730,Lungsen,LUNGLEI,MIZORAM
Tuisen chhuah,Zawlpui B.O,796730,Lungsen,LUNGLEI,MIZORAM
Zohmun,Lungsen S.O,796730,Lungsen,LUNGLEI,MIZORAM
Gulsil,Lungsen S.O,796730,Lungsen,LUNGLEI,MIZORAM
Hruizam,Lungsen S.O,796730,Lungsen,LUNGLEI,MIZORAM
Lungsen,Lungsen S.O,796730,Lungsen,LUNGLEI,MIZORAM
New.Vuakmual,Lungsen S.O,796730,Lungsen,LUNGLEI,MIZORAM
Sihphirtlang,Lungsen S.O,796730,Lungsen,LUNGLEI,MIZORAM
Thekaduar,Lungsen S.O,796730,Lungsen,LUNGLEI,MIZORAM
Zehtet,Rualalung B.O,796730,Lungsen,LUNGLEI,MIZORAM
Zuangzawl,Lungsen S.O,796730,Lungsen,LUNGLEI,MIZORAM
Chhumkhum,Phairuangkai B.O,796730,Lungsen,LUNGLEI,MIZORAM
Samang,Lungsen S.O,796730,Lungsen,LUNGLEI,MIZORAM
Serhuan,Lungsen S.O,796730,Lungsen,LUNGLEI,MIZORAM
South Lungrang,Lungrang 'S' B.O,796730,Lungsen,LUNGLEI,MIZORAM
Thumbasora,Lungsen S.O,796730,Lungsen,LUNGLEI,MIZORAM
Ukdasuri (Tuilet),Lungsen S.O,796730,Lungsen,LUNGLEI,MIZORAM
Vairawkai,Lungsen S.O,796730,Lungsen,LUNGLEI,MIZORAM
Balukiasuri,Lungsen S.O,796730,Lungsen,LUNGLEI,MIZORAM
Bindiasora,Lungsen S.O,796730,Lungsen,LUNGLEI,MIZORAM
Hmunthar,Lungsen S.O,796730,Lungsen,LUNGLEI,MIZORAM
Mautlang,Lungsen S.O,796730,Lungsen,LUNGLEI,MIZORAM
Muriskata,Lungsen S.O,796730,Lungsen,LUNGLEI,MIZORAM
New.Balukiasuri,Lungsen S.O,796730,Lungsen,LUNGLEI,MIZORAM
Putlungasih,Putlungasih B.O,796730,Lungsen,LUNGLEI,MIZORAM
Sailen,Lungsen S.O,796730,Lungsen,LUNGLEI,MIZORAM
Thanzamasora,Lungrang 'S' B.O,796730,Lungsen,LUNGLEI,MIZORAM
Balungsuri,Lungsen S.O,796730,Lungsen,LUNGLEI,MIZORAM
Belpei(Matiasora),Lungsen S.O,796730,Lungsen,LUNGLEI,MIZORAM
Borsegojasora,Lungsen S.O,796730,Lungsen,LUNGLEI,MIZORAM
Champasuri,Lungsen S.O,796730,Lungsen,LUNGLEI,MIZORAM
Lalnutui,Lungrang 'S' B.O,796730,Lungsen,LUNGLEI,MIZORAM
Saitumkawn,Lungsen S.O,796730,Lungsen,LUNGLEI,MIZORAM
Silkur,Lungsen S.O,796730,Lungsen,LUNGLEI,MIZORAM
Sugarbasora,Lungsen S.O,796730,Lungsen,LUNGLEI,MIZORAM
Borahorinachhuah,Lungsen S.O,796730,Lungsen,LUNGLEI,MIZORAM
Khangrasuri,Lungsen S.O,796730,Lungsen,LUNGLEI,MIZORAM
Khawmawi,Lungsen S.O,796730,Lungsen,LUNGLEI,MIZORAM
Pachang,Phairuangkai B.O,796730,Lunglei,LUNGLEI,MIZORAM
Pangtlang,Lungsen S.O,796730,Lungsen,LUNGLEI,MIZORAM
Tuisen Bolia,Zawlpui B.O,796730,Lungsen,LUNGLEI,MIZORAM
Vanzawl,Lungsen S.O,796730,Lungsen,LUNGLEI,MIZORAM
Zawlpui,Zawlpui B.O,796730,Lungsen,LUNGLEI,MIZORAM
Bornasuri,Lungsen S.O,796730,Lungsen,LUNGLEI,MIZORAM
Chhuahthum,Lungsen S.O,796730,Lungsen,LUNGLEI,MIZORAM
Kumraghat,Lungsen S.O,796730,Lungsen,LUNGLEI,MIZORAM
Mualmu,Lungsen S.O,796730,Lungsen,LUNGLEI,MIZORAM
Rangte,Rangte B.O,796730,Lungsen,LUNGLEI,MIZORAM
Samuksuri(Chengkawllui),Lungsen S.O,796730,Lungsen,LUNGLEI,MIZORAM
W.Rotlang,Lungsen S.O,796730,Lungsen,LUNGLEI,MIZORAM
Khojoisuri (New),Kajoisury B.O,796751,Lungsen,LUNGLEI,MIZORAM
Khojoisuri Old,Kajoisury B.O,796751,Lungsen,LUNGLEI,MIZORAM
Lamthai III,Demagiri S.O,796751,Lungsen,LUNGLEI,MIZORAM
Lokisuri,Puankhai B.O,796751,West Phaileng,MAMMIT,MIZORAM
Puankhai,Puankhai B.O,796751,West Bunghmun,LUNGLEI,MIZORAM
S.Chawilung,S.Chawilung B.O,796751,Lungsen,LUNGLEI,MIZORAM
S.Belkhai,Tuikawi B.O,796751,West Bunghmun,LUNGLEI,MIZORAM
Tiperaghat II,Tiperaghat B.O,796751,Lungsen,LUNGLEI,MIZORAM
Lamthai II,Demagiri S.O,796751,Lungsen,LUNGLEI,MIZORAM
Khojaisuri,Kajoisury B.O,796751,Lungsen,LUNGLEI,MIZORAM
Lamthai I,Demagiri S.O,796751,Lungsen,LUNGLEI,MIZORAM
Demagiri(Tlabung),Demagiri S.O,796751,Lunglei,LUNGLEI,MIZORAM
Diplibagh(Kawizau),Diblibagh B.O,796751,Lungsen,LUNGLEI,MIZORAM
Kalapani,Puankhai B.O,796751,Lungsen,LUNGLEI,MIZORAM
Nunsuri,Nunsury B.O,796751,Lungsen,LUNGLEI,MIZORAM
S.Lunglei,Zodin B.O,796751,Lunglei,LUNGLEI,MIZORAM
Tiperaghat III,Tiperaghat B.O,796751,Lungsen,LUNGLEI,MIZORAM
Dinthar,Demagiri S.O,796751,Lungsen,LUNGLEI,MIZORAM
S.Lunglei,Tuikawi B.O,796751,Lunglei,LUNGLEI,MIZORAM
Tiperaghat I,Tiperaghat B.O,796751,Lungsen,LUNGLEI,MIZORAM
Adubangasora,Chawngte S.O,796770,Chawngte,LAWNGTLAI,MIZORAM
Bilosora,Chawngte S.O,796770,Chawngte,LAWNGTLAI,MIZORAM
Chawngtelui,Chawngte S.O,796770,Lawngtlai,LAWNGTLAI,MIZORAM
Futsora,Chawngte S.O,796770,Chawngte,LAWNGTLAI,MIZORAM
Jaruldulbasora,Chawngte S.O,796770,Chawngte,LAWNGTLAI,MIZORAM
Kaluborisury,Borapansury B.O,796770,Chawngte,LAWNGTLAI,MIZORAM
Lawngtlai,Saizawh B.O,796770,Lawngtlai,LAWNGTLAI,MIZORAM
Ludisora,Chawngte S.O,796770,Chawngte,LAWNGTLAI,MIZORAM
Mainababsora II,Chawngte S.O,796770,Chawngte,LAWNGTLAI,MIZORAM
Silsury,Chawngte S.O,796770,Chawngte,LAWNGTLAI,MIZORAM
Songrasury,Chawngte S.O,796770,Chawngte,LAWNGTLAI,MIZORAM
Udalthana I,Udalthana B.O,796770,Chawngte,LAWNGTLAI,MIZORAM
Bajeisora,Chawngte S.O,796770,Chawngte,LAWNGTLAI,MIZORAM
Borakabakhali,Chawngte S.O,796770,Chawngte,LAWNGTLAI,MIZORAM
Kamtuli,Chawngte S.O,796770,Chawngte,LAWNGTLAI,MIZORAM
Montola,Chawngte S.O,796770,Chawngte,LAWNGTLAI,MIZORAM
Nagdarasora,Chawngte S.O,796770,Chawngte,LAWNGTLAI,MIZORAM
Simeinasora,Chawngte S.O,796770,Chawngte,LAWNGTLAI,MIZORAM
Simeisuri,Chawngte S.O,796770,Chawngte,LAWNGTLAI,MIZORAM
Bakusora,Borapansury B.O,796770,Chawngte,LAWNGTLAI,MIZORAM
Bondukbangsora,Chawngte S.O,796770,Chawngte,LAWNGTLAI,MIZORAM
Borkolok,Chawngte S.O,796770,Chawngte,LAWNGTLAI,MIZORAM
Bortuli,Chawngte S.O,796770,Chawngte,LAWNGTLAI,MIZORAM
Chawngte,Chawngte S.O,796770,Chawngte,LAWNGTLAI,MIZORAM
Chawngte ‘P’,Chawngte S.O,796770,Lawngtlai,LAWNGTLAI,MIZORAM
Chhotaguisuri I,Chawngte S.O,796770,Chawngte,LAWNGTLAI,MIZORAM
Chhotaguisuri II,Chawngte S.O,796770,Chawngte,LAWNGTLAI,MIZORAM
Devasora ‘S’,Chawngte S.O,796770,Chawngte,LAWNGTLAI,MIZORAM
Golasuri,Chawngte S.O,796770,Chawngte,LAWNGTLAI,MIZORAM
New Chhippui,Chawngte S.O,796770,Chawngte,LAWNGTLAI,MIZORAM
Silbanga,Chawngte S.O,796770,Chawngte,LAWNGTLAI,MIZORAM
Silosora,Chawngte S.O,796770,Chawngte,LAWNGTLAI,MIZORAM
Sumsilui,Sumsilui B.O,796770,Lawngtlai,LAWNGTLAI,MIZORAM
Ugudasury,Chawngte S.O,796770,Chawngte,LAWNGTLAI,MIZORAM
Ugulsury,Chawngte S.O,796770,Chawngte,LAWNGTLAI,MIZORAM
Ajasora,Ajasora B.O,796770,Chawngte,LAWNGTLAI,MIZORAM
Chawngte,Udalthana B.O,796770,Chawngte,LAWNGTLAI,MIZORAM
Duduksora,Chawngte S.O,796770,Chawngte,LAWNGTLAI,MIZORAM
Dursora,Chawngte S.O,796770,Chawngte,LAWNGTLAI,MIZORAM
Mandirasora,Chawngte S.O,796770,Chawngte,LAWNGTLAI,MIZORAM
Pablakhali,Chawngte S.O,796770,Chawngte,LAWNGTLAI,MIZORAM
Chhippui(Fultuli),Chawngte S.O,796770,Chawngte,LAWNGTLAI,MIZORAM
Devasora,Chawngte S.O,796770,Chawngte,LAWNGTLAI,MIZORAM
Geraguluksora,Chawngte S.O,796770,Chawngte,LAWNGTLAI,MIZORAM
Gerasury,Chawngte S.O,796770,Chawngte,LAWNGTLAI,MIZORAM
Kurbalavasora,Chawngte S.O,796770,Chawngte,LAWNGTLAI,MIZORAM
Mainababsora I,Chawngte S.O,796770,Chawngte,LAWNGTLAI,MIZORAM
Nalbanya,Chawngte S.O,796770,Chawngte,LAWNGTLAI,MIZORAM
Ngharum,Chawngte S.O,796770,Chawngte,LAWNGTLAI,MIZORAM
Old Bajeisora,Chawngte S.O,796770,Chawngte,LAWNGTLAI,MIZORAM
Tongasora,Chawngte S.O,796770,Chawngte,LAWNGTLAI,MIZORAM
Ulusury,Chawngte S.O,796770,Chawngte,LAWNGTLAI,MIZORAM
W.Saizawh,Saizawh B.O,796770,Chawngte,LAWNGTLAI,MIZORAM
Gobabsuri,Chawngte S.O,796770,Chawngte,LAWNGTLAI,MIZORAM
Rengashya,Chawngte S.O,796770,Chawngte,LAWNGTLAI,MIZORAM
Ugudasury ‘S’,Chawngte S.O,796770,Chawngte,LAWNGTLAI,MIZORAM
Borapansury I,Borapansury B.O,796770,Chawngte,LAWNGTLAI,MIZORAM
Borapansury II,Borapansury B.O,796770,Chawngte,LAWNGTLAI,MIZORAM
Bormon,Chawngte S.O,796770,Chawngte,LAWNGTLAI,MIZORAM
Chaminisora,Chawngte S.O,796770,Chawngte,LAWNGTLAI,MIZORAM
Chhotapansury,Chawngte S.O,796770,Chawngte,LAWNGTLAI,MIZORAM
Futsury,Chawngte S.O,796770,Chawngte,LAWNGTLAI,MIZORAM
Gulsingbabsora,Chawngte S.O,796770,Chawngte,LAWNGTLAI,MIZORAM
Jamersury(Serlui),Chawngte S.O,796770,Chawngte,LAWNGTLAI,MIZORAM
Jarulsury,Jarulsury B.O,796770,Chawngte,LAWNGTLAI,MIZORAM
Longpuighat,Chawngte S.O,796770,Chawngte,LAWNGTLAI,MIZORAM
Peglababsora,Chawngte S.O,796770,Chawngte,LAWNGTLAI,MIZORAM
Rajmandal II,Chawngte S.O,796770,Chawngte,LAWNGTLAI,MIZORAM
Udalthana II,Udalthana B.O,796770,Chawngte,LAWNGTLAI,MIZORAM
Betbonya,Chawngte S.O,796770,Chawngte,LAWNGTLAI,MIZORAM
Boganpara,Chawngte S.O,796770,Chawngte,LAWNGTLAI,MIZORAM
Boraguisuri,Chawngte S.O,796770,Chawngte,LAWNGTLAI,MIZORAM
Boraituli,Chawngte S.O,796770,Chawngte,LAWNGTLAI,MIZORAM
Boronasury,Borapansury B.O,796770,Chawngte,LAWNGTLAI,MIZORAM
Chawngte,Udaisury B.O,796770,Chawngte,LAWNGTLAI,MIZORAM
Chawngte”L”,Chawngte S.O,796770,Lungsen,LUNGLEI,MIZORAM
Kukurduleya,Chawngte S.O,796770,Chawngte,LAWNGTLAI,MIZORAM
Lokhisuri,Chawngte S.O,796770,Chawngte,LAWNGTLAI,MIZORAM
Rajmandal I,Chawngte S.O,796770,Chawngte,LAWNGTLAI,MIZORAM
Diltlang ‘S’,Diltlang B.O,796891,Lawngtlai,LAWNGTLAI,MIZORAM
Hmawngbu,Lawngtlai S.O,796891,Lawngtlai,LAWNGTLAI,MIZORAM
Lawnglang,Lawngtlai S.O,796891,Lawngtlai,LAWNGTLAI,MIZORAM
Lawngtlai,Diltlang B.O,796891,Lawngtlai,LAWNGTLAI,MIZORAM
Saikah,Paithar B.O,796891,Lawngtlai,LAWNGTLAI,MIZORAM
Sihtlangpui,Kawlchaw 'W' B.O,796891,Lawngtlai,LAWNGTLAI,MIZORAM
Tuisentlang,Tuisentlang B.O,796891,Lawngtlai,LAWNGTLAI,MIZORAM
Dumzau I,Lawngtlai S.O,796891,Lawngtlai,LAWNGTLAI,MIZORAM
Hmunlai,Diltlang B.O,796891,Lawngtlai,LAWNGTLAI,MIZORAM
Hruitezawl,Lawngtlai S.O,796891,Lawngtlai,LAWNGTLAI,MIZORAM
Kakichhuah,Tuithumhnar B.O,796891,Lawngtlai,LAWNGTLAI,MIZORAM
Parva I,Parva B.O,796891,Chawngte,LAWNGTLAI,MIZORAM
Saikhawthlir,Bungtlang 'S' B.O,796891,Lawngtlai,LAWNGTLAI,MIZORAM
Tuikhurlui,Lawngtlai S.O,796891,Lawngtlai,LAWNGTLAI,MIZORAM
Balisora,Lawngtlai S.O,796891,Lawngtlai,LAWNGTLAI,MIZORAM
Chawntlangpui,Kawlchaw 'W' B.O,796891,Lawngtlai,LAWNGTLAI,MIZORAM
Jognasuri,New Jagnasury B.O,796891,Lawngtlai,LAWNGTLAI,MIZORAM
Kawlchaw ‘W’,Kawlchaw 'W' B.O,796891,Lawngtlai,LAWNGTLAI,MIZORAM
Lawngtlai,New Jagnasury B.O,796891,Lawngtlai,LAWNGTLAI,MIZORAM
Lawngtlai,Parva B.O,796891,Lawngtlai,LAWNGTLAI,MIZORAM
M.Kawnpui,Lawngtlai S.O,796891,Lawngtlai,LAWNGTLAI,MIZORAM
Nghalimlui,Mualbukawn B.O,796891,Lawngtlai,LAWNGTLAI,MIZORAM
Parva II,Parva B.O,796891,Chawngte,LAWNGTLAI,MIZORAM
Saibawh,Mualbukawn B.O,796891,Lawngtlai,LAWNGTLAI,MIZORAM
Tuichawngtlang,Vathuampui B.O,796891,Lawngtlai,LAWNGTLAI,MIZORAM
Tuipui I.B,Lawngtlai S.O,796891,Lawngtlai,LAWNGTLAI,MIZORAM
Tuithumhnar,Tuithumhnar B.O,796891,Lawngtlai,LAWNGTLAI,MIZORAM
‘S’ Chawnpui,Lawngtlai S.O,796891,Lawngtlai,LAWNGTLAI,MIZORAM
Chamdur ‘P’ I,Chamdur B.O,796891,Lawngtlai,LAWNGTLAI,MIZORAM
Chamdurtlang I,Chamdur B.O,796891,Lawngtlai,LAWNGTLAI,MIZORAM
Darnamtlang,Tuithumhnar B.O,796891,Lawngtlai,LAWNGTLAI,MIZORAM
Mampui,Mampui B.O,796891,Lawngtlai,LAWNGTLAI,MIZORAM
Mualbu ‘L’,Diltlang B.O,796891,Lawngtlai,LAWNGTLAI,MIZORAM
Ngengpuikai,Ngengpuikai B.O,796891,Lawngtlai,LAWNGTLAI,MIZORAM
Ngunlingkhua,Lawngtlai S.O,796891,Lawngtlai,LAWNGTLAI,MIZORAM
Parva III,Parva B.O,796891,Chawngte,LAWNGTLAI,MIZORAM
Sabualtlang,Sabualtlang B.O,796891,Lawngtlai,LAWNGTLAI,MIZORAM
Vanhne ‘R’,Paithar B.O,796891,Lawngtlai,LAWNGTLAI,MIZORAM
Bungkawn ‘S’,Bungtlang 'S' B.O,796891,Chawngte,LAWNGTLAI,MIZORAM
Chawngtelui,Diltlang B.O,796891,Lawngtlai,LAWNGTLAI,MIZORAM
Dumzautlang,Lawngtlai S.O,796891,Lawngtlai,LAWNGTLAI,MIZORAM
Hmawngbuchhuah,Tuithumhnar B.O,796891,Lawngtlai,LAWNGTLAI,MIZORAM
Kawrthindeng,Tuithumhnar B.O,796891,Lawngtlai,LAWNGTLAI,MIZORAM
Lawngtlai,Balhlakawn B.O,796891,Lawngtlai,LAWNGTLAI,MIZORAM
Lawngtlai,Lawngtlai S.O,796891,Lawngtlai,LAWNGTLAI,MIZORAM
Lawngtlai,Vaseitlang B.O,796891,Lawngtlai,LAWNGTLAI,MIZORAM
Rulkual,Rulkual B.O,796891,Lawngtlai,LAWNGTLAI,MIZORAM
Saizawh ‘E’,Rulkual B.O,796891,Lawngtlai,LAWNGTLAI,MIZORAM
Chamdurtlang II,Chamdur B.O,796891,Lawngtlai,LAWNGTLAI,MIZORAM
Hmunnuam,Bungtlang 'S' B.O,796891,Lawngtlai,LAWNGTLAI,MIZORAM
Lawngtlai,Mualbukawn B.O,796891,Lawngtlai,LAWNGTLAI,MIZORAM
Lawngtlaikai,Lawngtlai S.O,796891,Lawngtlai,LAWNGTLAI,MIZORAM
Mautlang,Vathuampui B.O,796891,Lawngtlai,LAWNGTLAI,MIZORAM
Paithar,Paithar B.O,796891,Lawngtlai,LAWNGTLAI,MIZORAM
S.Bungtlang,Bungtlang 'S' B.O,796891,Lawngtlai,LAWNGTLAI,MIZORAM
Sekulh,Bungtlang 'S' B.O,796891,Lawngtlai,LAWNGTLAI,MIZORAM
Vaseitlang II,Vaseitlang B.O,796891,Chawngte,LAWNGTLAI,MIZORAM
Zochawchhuah,Sabualtlang B.O,796891,Lawngtlai,LAWNGTLAI,MIZORAM
Chamdur ‘P’ II,Chamdur B.O,796891,Lawngtlai,LAWNGTLAI,MIZORAM
Charluitlang,New Jagnasury B.O,796891,Chawngte,LAWNGTLAI,MIZORAM
Chikhurlui,Lawngtlai S.O,796891,Lawngtlai,LAWNGTLAI,MIZORAM
Gobasora,Lawngtlai S.O,796891,Lawngtlai,LAWNGTLAI,MIZORAM
Kawlchaw ‘E’,Kawlchaw 'W' B.O,796891,Tuipang,SAIHA,MIZORAM
Lalmonaveng,Lawngtlai S.O,796891,Lawngtlai,LAWNGTLAI,MIZORAM
Liapha,Lawngtlai S.O,796891,Lawngtlai,LAWNGTLAI,MIZORAM
Ngengpuitlang,Tuithumhnar B.O,796891,Lawngtlai,LAWNGTLAI,MIZORAM
Vaseitlang I,Vaseitlang B.O,796891,Chawngte,LAWNGTLAI,MIZORAM
Vathuampui,Vathuampui B.O,796891,Lawngtlai,LAWNGTLAI,MIZORAM
Laitlang,Tuithumhnar B.O,796891,Lawngtlai,LAWNGTLAI,MIZORAM
Lawngtlai,Chamdur B.O,796891,Lawngtlai,LAWNGTLAI,MIZORAM
Lunghauka,Tuithumhnar B.O,796891,Lawngtlai,LAWNGTLAI,MIZORAM
Vaseikai,Vaseitlang B.O,796891,Lawngtlai,LAWNGTLAI,MIZORAM
Chapui,Chapui B.O,796901,Tuipang,SAIHA,MIZORAM
Maubawk ‘L’,New Maubawk B.O,796901,Tuipang,SAIHA,MIZORAM
New Latawh,Latawh B.O,796901,Tuipang,SAIHA,MIZORAM
Saiha,Saiha S.O,796901,Tuipang,SAIHA,MIZORAM
Serkawr,Serkawr B.O,796901,Tuipang,SAIHA,MIZORAM
Zawngling,Zawngling B.O,796901,Tuipang,SAIHA,MIZORAM
Zeropoint,New Maubawk B.O,796901,Tuipang,SAIHA,MIZORAM
Chhuarlung,Chhuarlung B.O,796901,Tuipang,SAIHA,MIZORAM
Kaisih,Vahai B.O,796901,Tuipang,SAIHA,MIZORAM
Lungdar(Lodaw),Lawngban B.O,796901,Tuipang,SAIHA,MIZORAM
Mawhre,Chapui B.O,796901,Tuipang,SAIHA,MIZORAM
Siatlai,Zawngling B.O,796901,Tuipang,SAIHA,MIZORAM
Tongkolong,Tongkolong B.O,796901,Tuipang,SAIHA,MIZORAM
Tuipui Ferry,Tuipuiferry B.O,796901,Tuipang,SAIHA,MIZORAM
Ainak,Siata B.O,796901,Tuipang,SAIHA,MIZORAM
Chakhang,Chakhang B.O,796901,Tuipang,SAIHA,MIZORAM
Lower Theiva,Theiva B.O,796901,Tuipang,SAIHA,MIZORAM
Lungbun,Lungbun B.O,796901,Tuipang,SAIHA,MIZORAM
Mipu,Vahai B.O,796901,Tuipang,SAIHA,MIZORAM
Phalhrang,Rawmibawk B.O,796901,Tuipang,SAIHA,MIZORAM
Vartek,Lungtian B.O,796901,Sangau,SAIHA,MIZORAM
Vartekkai,Lungtian B.O,796901,Sangau,SAIHA,MIZORAM
Bualpui NG ‘E’,Saiha S.O,796901,Sangau,SAIHA,MIZORAM
Bymari,Tongkolong B.O,796901,Tuipang,SAIHA,MIZORAM
Cheural,Cheural B.O,796901,Sangau,SAIHA,MIZORAM
Fungkah,Fungkah B.O,796901,Sangau,SAIHA,MIZORAM
Lehri (New Latawh),Latawh B.O,796901,Tuipang,SAIHA,MIZORAM
Saihatlang,Saiha S.O,796901,Tuipang,SAIHA,MIZORAM
Siachangkawn,Fungkah B.O,796901,Sangau,SAIHA,MIZORAM
Tuipang,Latawh B.O,796901,Tuipang,SAIHA,MIZORAM
Tuisih,Tuisih B.O,796901,Tuipang,SAIHA,MIZORAM
Upper Theiva,Theiva B.O,796901,Tuipang,SAIHA,MIZORAM
Vahai,Vahai B.O,796901,Tuipang,SAIHA,MIZORAM
Latawh Old,Latawh B.O,796901,Tuipang,SAIHA,MIZORAM
Lungzarhtum,Bualpui 'ng' B.O,796901,Sangau,SAIHA,MIZORAM
Pangkhua,Pangkhua B.O,796901,Sangau,SAIHA,MIZORAM
Siata,Siata B.O,796901,Tuipang,SAIHA,MIZORAM
Tuipang,New Maubawk B.O,796901,Tuipang,SAIHA,MIZORAM
Khopai,Khopai B.O,796901,Tuipang,SAIHA,MIZORAM
Longmasu,Tongkolong B.O,796901,Tuipang,SAIHA,MIZORAM
Lungtian,Lungtian B.O,796901,Sangau,SAIHA,MIZORAM
Niawhtlang,Niawhtlang B.O,796901,Tuipang,SAIHA,MIZORAM
Phura,Phura B.O,796901,Tuipang,SAIHA,MIZORAM
Archhuang,Vawmbuk B.O,796901,Sangau,SAIHA,MIZORAM
Kaisih New,Vahai B.O,796901,Tuipang,SAIHA,MIZORAM
Lawngban,Lawngban B.O,796901,Tuipang,SAIHA,MIZORAM
Lungpher,Lungpher 'S' B.O,796901,Sangau,SAIHA,MIZORAM
Lungpuk,Laki B.O,796901,Tuipang,SAIHA,MIZORAM
Maubawk ‘CH’,New Maubawk B.O,796901,Tuipang,SAIHA,MIZORAM
Rawlbuk,Lungpher 'S' B.O,796901,Sangau,SAIHA,MIZORAM
Rawmibawk(Amotla),Rawmibawk B.O,796901,Tuipang,SAIHA,MIZORAM
Theiri,Theiva B.O,796901,Tuipang,SAIHA,MIZORAM
Tuipang,Bualpui 'ng' B.O,796901,Tuipang,SAIHA,MIZORAM
Tuipang,Theiva B.O,796901,Tuipang,SAIHA,MIZORAM
Tuisumpui,Bualpui 'ng' B.O,796901,Tuipang,SAIHA,MIZORAM
Bualpui NG ‘W’,Saiha S.O,796901,Sangau,SAIHA,MIZORAM
Laki,Laki B.O,796901,Tuipang,SAIHA,MIZORAM
New Serkawr,Serkawr B.O,796901,Tuipang,SAIHA,MIZORAM
Tialdawngi Lung,Vawmbuk B.O,796901,Sangau,SAIHA,MIZORAM
Vawmbuk,Vawmbuk B.O,796901,Sangau,SAIHA,MIZORAM
